pair,corr_expansion,corr_crisis,diff,z_stat,p_value,p_holm,reject_holm
hml-umd,-0.16189158333360348,-0.22817956310951043,-0.06628797977590695,-0.4018319729246254,0.6878076899452001,1.0,False
hml-rmw,-0.49382721411093256,0.12214715608569716,0.6159743701966297,3.869530836912715,0.00010904498918495875,0.0006542699351097525,True
hml-lowvol,-0.3033423192013023,0.022337446019835727,0.325679765221138,1.9557663763875976,0.050492681464957334,0.20197072585982934,False
umd-rmw,0.44069453126877817,0.008422419218668827,-0.43227211205010935,-2.7084453109342577,0.006759925215958251,0.033799626079791256,True
umd-lowvol,0.4628577360041344,0.5545833629292031,0.09172562692506869,0.7229652002644442,0.4697012644293199,1.0,False
rmw-lowvol,0.5381390751586634,0.4156643200179365,-0.12247475514072692,-0.9273142989708381,0.3537633723556186,1.0,False
