k,log_likelihood,n_params,bic
2,-298.78303219924425,7,634.1462911144808
3,-217.31636119796613,14,507.7931758279171
4,-203.0867743265779,23,526.3657221485595
