,Mean (Monthly),Mean (Annual),Std (Monthly),Std (Annual),Sharpe (Annual),Skew,Kurtosis,Hit Rate,Avg Vol Signal,Avg Stock Count
Q1,0.009487392305685348,0.11384870766822416,0.03325665983328302,0.11520444904256259,0.9882318661683148,-0.6876418184694211,2.0027561509262126,0.6704980842911877,0.1787436542222424,91.16091954022988
Q2,0.011517254123560751,0.13820704948272902,0.03937146903964884,0.13638676949059364,1.0133464558104435,-0.6931144422731411,1.9344783389982654,0.6704980842911877,0.2284444150168834,90.50574712643679
Q3,0.01217486963920328,0.14609843567043937,0.04774032605030725,0.16537734057807235,0.8834247494835503,-0.6252586841921511,2.318897068496499,0.6551724137931034,0.2721887098217036,90.51724137931035
Q4,0.013600625240345901,0.1632075028841508,0.05465861711798626,0.1893430038396123,0.8619674325141675,-0.40796241670494365,2.5329787195203686,0.6475095785440613,0.33032273759429415,90.50574712643679
Q5,0.021057605979509727,0.2526912717541167,0.07335956033997688,0.25412497145950946,0.9943582887696606,0.2519417690197842,2.911429514944955,0.6628352490421456,0.4892936547292282,90.9080459770115
L/S (Q1-Q5),-0.011570213673824376,-0.13884256408589252,0.05745648585057748,0.19903510543512498,-0.6975782678254611,-0.9553461980537475,4.412979553618294,0.421455938697318,,
